insert into Player (playerId, playerName) values (10000, 'Player Zero'), (10001, 'Player One'), (10002, 'Player Two'), (10003, 'Player Three');
insert into Match (matchId, playerOneId, playerTwoId, winnerId) values (9000, 10000, 10001, 10000), (9001, 10002, 10003, 10002), (9002, 10001, 10003, NULL);
insert into Playset (playsetId, matchId, playerOneSetScore, playerTwoSetScore) values (8000, 9000, 6, 2), (8001, 9000, 6, 3), (8002, 9001, 6, 2), (8003, 9001, 4, 6), (8004, 9001, 7, 6), (8005, 9002, 5, 7), (8006, 9002, 0, 1);
insert into Game (gameId, playsetId, playerOneGameScore, playerTwoGameScore) values (7000, 8000, 4, 2), (7001, 8000, 5, 3), (7002, 8000, 4, 0), (7003, 8000, 2, 4), (7004, 8000, 4, 6), (7005, 8000, 4, 0), (7006, 8000, 5, 3), (7007, 8000, 4, 0), (7008, 8001, 4, 2), (7009, 8001, 6, 4), (7010, 8001, 3, 5), (7011, 8001, 4, 0), (7012, 8001, 1, 4), (7013, 8001, 2, 4), (7014, 8001, 4, 1), (7015, 8001, 7, 5), (7016, 8001, 6, 4), (7017, 8002, 3, 5), (7018, 8002, 2, 4), (7019, 8002, 6, 4), (7020, 8002, 5, 3), (7021, 8002, 4, 2), (7022, 8002, 4, 1), (7023, 8002, 4, 2), (7024, 8002, 5, 3), (7025, 8003, 5, 3), (7026, 8003, 4, 2), (7027, 8003, 3, 5), (7028, 8003, 3, 5), (7029, 8003, 6, 4), (7030, 8003, 4, 2), (7031, 8003, 3, 5), (7032, 8003, 1, 4), (7033, 8003, 0, 4), (7034, 8003, 3, 5), (7035, 8004, 6, 4), (7036, 8004, 6, 4), (7037, 8004, 5, 3), (7038, 8004, 4, 0), (7039, 8004, 2, 4), (7040, 8004, 6, 8), (7041, 8004, 4, 2), (7042, 8004, 9, 7), (7043, 8004, 4, 6), (7044, 8004, 3, 5), (7045, 8004, 2, 4), (7046, 8004, 5, 7), (7047, 8004, 9, 7), (7048, 8005, 5, 3), (7049, 8005, 6, 4), (7050, 8005, 3, 5), (7051, 8005, 2, 4), (7052, 8005, 1, 4), (7053, 8005, 2, 4), (7054, 8005, 5, 3), (7055, 8005, 5, 3), (7056, 8005, 6, 4), (7057, 8005, 3, 5), (7058, 8005, 2, 4), (7059, 8005, 0, 4), (7060, 8006, 0, 4);